,q,electrons,a,a_err_mean,a_err_std,VG,VE,VE_err_std,VE_err_mean,VG_err_mean,VG_err_std,Particle
0,1.098940212724098e-18,6.85980157755367,1.192190722823673e-06,9.790199885154081e-08,1.0598634257910233e-09,0.00014684190111879225,0.00012173260656062224,6.839726538425435e-07,4.276324139915221e-05,2.4117140587439913e-05,2.61086346991224e-07,t10_p1.csv
1,3.136070694718083e-19,1.9575971877141594,8.464405135931151e-07,6.638141678003098e-08,4.830039349573505e-09,7.402039641805966e-05,3.817468947369291e-05,1.2290050626231722e-06,2.091104258434904e-05,1.1609980160312348e-05,8.447644497841672e-07,t10_p2.csv
2,3.220295642458799e-19,2.0101720614599246,8.050844160673688e-07,7.778765340664121e-08,1.2373395081217284e-08,6.69639961612866e-05,5.498012857612901e-05,3.444008383574938e-07,2.392459721171898e-05,1.2940188681237451e-05,2.0583480792438602e-06,t10_p3.csv
3,3.079144339346858e-19,1.9220626337995368,8.896928592665681e-07,8.453861484066219e-08,4.369005361856251e-09,8.177842317618031e-05,2.2356589557140816e-05,2.8864407740383608e-06,2.7329695438459625e-05,1.5541171421488054e-05,8.031768842911004e-07,t10_p4.csv
4,9.272984474392312e-19,5.788379821718047,1.1758410940647523e-06,4.2487346265839154e-07,6.046405736771361e-09,0.0001428419567455411,8.72410801232904e-05,6.886051130711185e-07,1.3320135509113033e-05,0.00010322782063277015,1.4690427661993657e-06,t10_p5.csv
5,4.800202553849774e-19,2.9963811197564136,8.266411808156892e-07,5.235673213716541e-08,4.393936172360757e-09,7.059803221074872e-05,0.00010579892248198661,1.0443952107662358e-06,2.470640709223045e-05,8.942894081859884e-06,7.505148657660757e-07,t11_p1.csv
6,3.2429433646320014e-19,2.0243092163745326,8.615716440285143e-07,5.0754480406436186e-08,8.288342301706218e-09,7.669045540121235e-05,3.702784277181269e-05,9.354024280288147e-07,1.2301701561404548e-05,9.035543922549705e-06,1.475528471821307e-06,t11_p2.csv
7,1.8687233369311187e-18,11.66493968121797,1.363565933636748e-06,1.5992590904505692e-07,9.182985856531896e-10,0.00019209267648544746,0.00020242311856497083,1.6920759591695334e-06,4.50980019936343e-05,4.505920124580809e-05,2.5873106503981403e-07,\t1_p1.csv
8,5.976077317274506e-19,3.730385341619542,9.304717475704902e-07,1.277183114145121e-07,4.924440692129731e-09,8.944681984518435e-05,0.00010274199952011309,1.668178680984717e-06,2.447616208638894e-05,2.455527923734098e-05,9.467790087712549e-07,\t1_p2.csv
9,4.739353795176759e-19,2.958398124330062,8.18710401178951e-07,9.547285854754434e-08,1.825091413617157e-09,6.924989803464178e-05,0.0001068266279022599,9.904714552756211e-07,2.315132716673367e-05,1.615097526542382e-05,3.08747498785625e-07,\t1_p3.csv
10,3.1964549769042197e-19,1.995290247755443,8.493802847765362e-07,9.178135309771277e-08,7.43100819684319e-09,7.453544952158715e-05,3.937235778592046e-05,1.5927741542991804e-06,3.31493279569659e-05,1.610813091249776e-05,1.3041826994984344e-06,\t1_p4.csv
11,7.924414742231494e-19,4.9465759939023055,1.104099033175337e-06,1.4257824903875186e-07,2.6291296807831095e-09,0.00012594315880634177,8.477451518869186e-05,1.3498623907688352e-06,2.3036530140747115e-05,3.252743553152997e-05,5.998028926029319e-07,\t1_p5.csv
12,2.3159760796648476e-18,14.456779523500922,1.2593479358753705e-06,6.267982801288995e-08,7.705185247608338e-09,0.00016385133791332703,0.00036924562140170817,6.0866438140450005e-06,0.0001506006846128188,1.6310303749297804e-05,2.0050136673517334e-06,\t2_p1.csv
13,9.369077061676054e-19,5.848362710159834,9.113753922685188e-07,7.64537308478147e-08,4.631192621714686e-09,8.581300668826829e-05,0.00022258323862301292,5.280697956698008e-06,8.794512242234636e-05,1.4397414220843037e-05,8.721248495258257e-07,\t2_p2.csv
14,4.43320670373359e-18,27.6729507099475,1.7366267968761938e-06,1.2052548662874204e-07,1.1080904372153543e-08,0.00031158139596528694,0.00041001682285875073,1.6190877800661552e-06,9.249642165987846e-05,4.324878487505708e-05,3.976218332049143e-06,\t3_p1.csv
15,9.335240576233175e-19,5.827241308510097,1.0883988929859536e-06,2.1845866320776774e-07,7.505676881375819e-09,0.00012238683543276235,0.0001298000729510009,2.674671268218906e-06,2.3359630517836856e-05,4.912990014078483e-05,1.6879768019100444e-06,\t4_p1.csv
16,1.8567950188485646e-18,11.590480766844973,1.39645493547466e-06,3.3418623712747164e-07,1.0408903912594404e-08,0.00020147092164417833,0.00018053478816526273,2.98352882432624e-06,5.9243485438438614e-05,9.642818752613215e-05,3.0034502529267507e-06,\t4_p2.csv
17,4.817910276079719e-19,3.0074346292632455,8.280939699974728e-07,3.2230638926871274e-07,1.483306209368457e-08,7.084639676352113e-05,0.00010584907912805592,2.854086477437593e-06,4.7961127008775794e-05,5.514892551051616e-05,2.5380428801101636e-06,\t4_p3.csv
18,3.0141490168310914e-19,1.8814912714301444,7.144285017942535e-07,2.294083847729021e-07,2.143610610361983e-08,5.273222141800044e-05,7.813804387111786e-05,2.8929978264879406e-06,2.5655077481422846e-05,3.3865428690509776e-05,3.1644132073593142e-06,\t4_p4.csv
19,5.959294120719154e-18,37.19908939275377,1.8932337941480945e-06,3.6993595411740504e-07,8.554933372385722e-09,0.0003703113459477699,0.0005145260677929495,5.083135773353576e-06,0.0002703552068604616,0.00014471691928078144,3.3466430838217333e-06,\t5_p1.csv
20,4.348649283209489e-19,2.7145126611794566,8.352144505022612e-07,1.6338066786225517e-07,1.8477306982001787e-08,7.206999998136925e-05,8.587528881002486e-05,3.999164940775807e-06,6.368968683270768e-05,2.8195979422309934e-05,3.1887846601500283e-06,\t5_p2.csv
21,3.1723428695091037e-19,1.9802389946998151,8.813396265446916e-07,1.7174641398177783e-07,8.77066504418144e-09,8.025001401872479e-05,2.8182553367846305e-05,3.2202760541234493e-07,1.8746939515459913e-05,3.127659693173794e-05,1.597218533129031e-06,\t6_p1.csv
22,1.997394908200556e-18,12.468133009990988,1.4275896369655657e-06,3.0025565197068103e-07,8.054569956926656e-09,0.00021055487249460015,0.00019069260591591988,2.7834576929819072e-06,5.1122713340605074e-05,8.856927632347991e-05,2.3759334004193753e-06,\t6_p2.csv
23,1.5399531941674498e-18,9.612691599047752,1.3664158271637178e-06,2.623479959004504e-07,8.860416476160433e-09,0.00019289647445163525,0.0001314758651074335,1.185826069278588e-06,3.1092238632548285e-05,7.40711611833307e-05,2.5016441795353225e-06,\t6_p3.csv
24,1.6866356871362605e-18,10.528312653784399,1.3774286254018226e-06,2.8582837131162986e-07,9.3223358251818e-09,0.0001960183507681444,0.00015617341227209077,1.6249854173466313e-06,3.6554024723787704e-05,8.135101146298037e-05,2.6532756181480575e-06,\t6_p4.csv
25,6.374355755732606e-19,3.9789985990840235,1.1147992994388842e-06,1.3247318327582296e-07,1.0732371651368779e-08,0.00012839611905942413,3.9311576290524785e-05,8.773954372040677e-07,1.8388184168044385e-05,3.0514986187423512e-05,2.472184668635377e-06,\t6_p5.csv
26,7.795011637840615e-19,4.865800023620858,1.0438161012328573e-06,2.8394991801394303e-07,7.321334181956189e-09,0.0001125658113510576,0.00010798384019495197,1.2482565584106225e-06,2.700001097166116e-05,6.124268990783729e-05,1.5790749374161656e-06,\t6_p6.csv
27,7.983472303678377e-19,4.983440888688126,1.128081048667487e-06,2.3347768581490678e-07,6.461192145861646e-09,0.00013147377384575818,7.58475876618051e-05,2.712331877666158e-06,2.488522411730818e-05,5.442196285296881e-05,1.5060572393489342e-06,\t6_p7.csv
28,7.983472303678377e-19,4.983440888688126,1.128081048667487e-06,2.3347768581490678e-07,6.461192145861646e-09,0.00013147377384575818,7.58475876618051e-05,2.712331877666158e-06,2.488522411730818e-05,5.442196285296881e-05,1.5060572393489342e-06,\t6_p8.csv
29,1.873730713159055e-18,11.6961967113549,1.3798932631275533e-06,7.141730230001955e-08,6.371924413781799e-09,0.00019672045094565218,0.00019378214954495745,2.03711342198919e-06,2.6586841137263322e-05,2.0362798035463903e-05,1.816789569984149e-06,\t7_p1.csv
30,1.5622819632648599e-18,9.75207218018015,1.3696458421258744e-06,8.845808178072974e-08,1.4319279978302643e-08,0.00019380951263164522,0.00013442492769150831,6.025321154284775e-05,1.8028118101104045e-05,2.5034234677255874e-05,4.052452960428672e-06,\t7_p2.csv
31,2.0378714999961984e-18,12.720795880126083,1.4447174593251546e-06,8.452821036368556e-08,6.075234236063646e-08,0.00021563753816913504,0.00018850069468348904,6.17744455086703e-06,2.1803790610848973e-05,2.5233245533257677e-05,1.81357059957945e-05,\t7_p3.csv
32,3.2905826441339976e-19,2.0540465943408224,8.224827800524392e-07,8.641488293821921e-08,1.054420859788601e-08,6.988953496509338e-05,5.172598989060756e-05,2.9018483728484983e-06,2.0200571100382852e-05,1.46860119849076e-05,1.7919641683785958e-06,\t7_p4.csv
33,3.2905826441339976e-19,2.0540465943408224,8.224827800524392e-07,8.641488293821921e-08,1.054420859788601e-08,6.988953496509338e-05,5.172598989060756e-05,2.9018483728484983e-06,2.0200571100382852e-05,1.46860119849076e-05,1.7919641683785958e-06,\t7_p5.csv
34,1.6484906123497925e-18,10.290203572720303,1.3787920035609882e-06,1.4575317890368072e-07,2.279664711823637e-08,0.0001964065805375037,0.0001474512207814653,5.904898314856681e-07,2.2376902721415676e-05,4.152458586503066e-05,6.494687373656347e-06,\t8_p1.csv
35,7.025436334462132e-19,4.385415939114939,1.1063199367136678e-06,8.281758065109294e-08,1.84992046995818e-07,0.00012645033962181197,5.994917676212359e-05,6.727118636668054e-07,1.93645783014745e-05,1.8931795138928054e-05,4.228850334098184e-05,\t8_p2.csv
36,1.4256213307335875e-18,8.899009555140996,1.2588495881597117e-06,1.9656988320043305e-07,5.941222382697428e-09,0.00016372168544567824,0.00016457298405299657,1.8296320085126357e-06,3.25982216624626e-05,5.1130417625956996e-05,1.5453902535326609e-06,\t9_p1.csv
37,1.2547132824915217e-18,7.832167805814742,1.3032470395232734e-06,1.9777139751951627e-07,4.430086313961259e-09,0.00017547369315139055,0.00010275719479220462,2.053122948663073e-06,1.8986625900541913e-05,5.3257251265509655e-05,1.1929643159205974e-06,\t9_p2.csv
38,1.418613849701878e-18,8.855267476291374,1.2606298183456032e-06,1.5456109903733225e-07,3.7875752330832036e-09,0.00016418507420665673,0.00016199270546541126,2.9246007755161864e-06,5.946639203152254e-05,4.0260233647669894e-05,9.865914825387327e-07,\t9_p3.csv
39,1.418613849701878e-18,8.855267476291374,1.2606298183456032e-06,1.5456109903733225e-07,3.7875752330832036e-09,0.00016418507420665673,0.00016199270546541126,2.9246007755161864e-06,5.946639203152254e-05,4.0260233647669894e-05,9.865914825387327e-07,\t9_p4.csv
40,1.4253744760582813e-18,8.897468639564803,1.2594446386195037e-06,1.9953635038913791e-07,4.385520078505038e-09,0.00016387650249557214,0.0001641921516993919,2.164266448502263e-06,3.649145054701856e-05,5.192656861574342e-05,1.1412707951613858e-06,\t9_p5.csv
41,8.01477167632858e-19,5.002978574487253,9.857327166098947e-07,8.864893768707349e-08,2.0808065745481358e-09,0.00010038685875111709,0.00014127591636130913,2.418846439675372e-06,2.3173575060608927e-05,1.8055986650488127e-05,4.2381800292873176e-07,\t9_p6.csv
42,6.379232277636876e-19,3.982042620247738,9.347168011903359e-07,1.6246595673103834e-07,5.624927275142255e-09,9.026484082705851e-05,0.00011384596886987176,5.655254616510339e-07,4.415862389891533e-05,3.137841045644526e-05,1.0863892988933362e-06,\t9_p7.csv
43,3.128891291027805e-19,1.953115662314485,8.277219496328032e-07,1.2233033789065836e-07,5.862267131468948e-09,7.078275572024992e-05,4.402691935656352e-05,2.3358056391548228e-06,2.679075170677127e-05,2.092219114868558e-05,1.0026251509161914e-06,\t9_p8.csv
44,3.300143113338977e-19,2.0600144278021078,7.887146034880165e-07,2.214738959445286e-07,5.7021248810989954e-09,6.426851820174633e-05,6.365688656851321e-05,1.8761109103651285e-06,2.4919836896117348e-05,3.609366188929421e-05,9.292768641251851e-07,\t9_p9.csv
